s0,s1,s2,s3,s4,s5,s6,s7,s8,s9,s10,s11,s12
g1,0.071832404,0.037477469,0.411050131,0.057804362,0.725534707,0.516930097,0.633875306,0.300483122,0.347514067,0.48929823,0.299469291,0.117163121
g2,0.86041153,0.939339417,0.794502906,0.637531459,0.720868748,0.026497402,0.847625913,0.918269097,0.602548297,0.61391688,0.153734546,0.525340883
g3,0.630364113,0.766448954,0.551279915,0.236270278,0.815566688,0.848751015,0.755304581,0.950805164,0.179753233,0.581821512,0.317865553,0.843171561
g4,0.238083728,0.240205607,0.138788354,0.859372358,0.676671424,0.146788981,0.57983472,0.348348422,0.704936027,0.136718821,0.584683496,0.10439395
g5,0.250319764,0.395468722,0.806222744,0.894048393,0.376666065,0.168795174,0.021957008,0.485325969,0.769599302,0.182354379,0.407165384,0.513891068
g6,0.84026528,0.690021086,0.047914343,0.603672442,0.375992605,0.062880811,0.550077665,0.056075266,0.040486094,0.378170268,0.800216568,0.36166836
g7,0.557358488,0.150209365,0.475536912,0.668105438,0.522077271,0.804262308,0.016200109,0.832431163,0.253304546,0.171663323,0.606644782,0.121784337
g8,0.03214907,0.989922562,0.628493248,0.386775148,0.815305752,0.446778847,0.401660788,0.256016835,0.844344422,0.375125487,0.335229074,0.431142691
g9,0.581026736,0.384171766,0.353038897,0.984548695,0.96656552,0.213879803,0.402685877,0.279352647,0.566240966,0.349338785,0.512178086,0.425712125
g10,0.591479031,0.430941614,0.018244152,0.63773027,0.852894705,0.797199998,0.589001586,0.681708064,0.116159552,0.673792335,0.122502205,0.853224547
g11,0.947179421,0.860856773,0.841876771,0.614804973,0.021602865,0.798659428,0.330058542,0.86636629,0.415914392,0.329403995,0.885740502,0.491037391
g12,0.198834628,0.927951978,0.288236134,0.429548515,0.173252832,0.262649528,0.603374588,0.907781183,0.209223951,0.345104346,0.514126071,0.874269477
g13,0.920034706,0.167429379,0.068013623,0.408303866,0.415302757,0.588349899,0.926516791,0.875731769,0.598685119,0.10707728,0.044841158,0.262995029
g14,0.651724507,0.109503032,0.624141116,0.633503678,0.542692374,0.508574644,0.168612193,0.90322199,0.595910971,0.005548537,0.672649268,0.568144519
g15,0.269980648,0.573739732,0.921620317,0.598241598,0.081741168,0.97466637,0.894348721,0.930074644,0.543029008,0.866349985,0.421124668,0.467073471
g16,0.95237841,0.679544762,0.087428925,0.752564956,0.988073251,0.320206598,0.833733152,0.211969517,0.170188762,0.823705506,0.990406504,0.25676203
g17,0.409295038,0.901854766,0.342687795,0.846877664,0.213203055,0.481386575,0.411820472,0.539053325,0.564213811,0.379207246,0.30233183,0.37803127
g18,0.088631787,0.487427258,0.49617257,0.988768748,0.214296582,0.707481413,0.744816128,0.139302082,0.868375138,0.02433884,0.37910801,0.029648222
g19,0.254446393,0.129718634,0.982765796,0.724460139,0.175786605,0.974034557,0.698021608,0.397213465,0.632455115,0.913107898,0.695327065,0.748067862
g20,0.055889799,0.764539356,0.31914593,0.293268095,0.918487005,0.271644726,0.83278803,0.774687537,0.923441755,0.471214878,0.541316649,0.725314654
g21,0.57049714,0.468853572,0.583615643,0.405117105,0.643351983,0.583325185,0.822167306,0.558517766,0.014206825,0.254853027,0.727952458,0.8911519
g22,0.039864012,0.366338369,0.232819115,0.363634584,0.482442536,0.922711858,0.50463723,0.703582304,0.755233377,0.086893655,0.300519908,0.314596057
g23,0.845136823,0.084877134,0.69307717,0.078264217,0.200822519,0.3896087,0.936522415,0.31455259,0.933675004,0.165943608,0.789968065,0.874686392
g24,0.926578728,0.319506759,0.249928559,0.114207368,0.967493427,0.736012835,0.902374192,0.433791296,0.41885502,0.208738109,0.477600133,0.785325108
g25,0.169571511,0.520730659,0.26753704,0.120764257,0.158663467,0.79485851,0.915826033,0.126424204,0.794730994,0.453912158,0.734997345,0.947726798
g26,0.223078522,0.811120497,0.242861229,0.103255384,0.200395002,0.423377054,0.517731632,0.010546163,0.255103065,0.8223108,0.650293981,0.149641161
g27,0.198680204,0.598583385,0.298737094,0.891044025,0.636710223,0.645029919,0.809397469,0.071715839,0.845883709,0.781959487,0.559666906,0.075323225
g28,0.428292647,0.427556276,0.056370978,0.397798483,0.978608538,0.083782292,0.04178366,0.980643306,0.068845664,0.803551993,0.259031809,0.997264931
g29,0.620321759,0.256174128,0.584902546,0.668042551,0.376537103,0.028641525,0.461252816,0.768904851,0.613153335,0.246555356,0.559057305,0.620115148
g30,0.027728534,0.404315995,0.011993106,0.305671994,0.007137601,0.590971477,0.988869586,0.112136247,0.856719027,0.037372582,0.959278125,0.220192347
g31,0.788593827,0.510571478,0.313708193,0.916893787,0.048112342,0.195825916,0.923836516,0.930471918,0.881161349,0.516226491,0.623248694,0.28330819
g32,0.676009852,0.103191934,0.432015132,0.984197488,0.005120492,0.04700994,0.518430392,0.083364277,0.517861646,0.258649828,0.035286509,0.428196494
g33,0.129924078,0.886871289,0.14257351,0.579444075,0.190301311,0.320579018,0.832350801,0.434104006,0.041745549,0.626108938,0.668856786,0.948361625
g34,0.957250837,0.017608735,0.671908613,0.844782223,0.035946211,0.424987988,0.350617718,0.443360238,0.541977177,0.819369453,0.981229509,0.404766748
g35,0.553532702,0.115046173,0.679442256,0.009290552,0.075975421,0.158972614,0.595944455,0.855913604,0.019177301,0.860547741,0.101433453,0.693650361
g36,0.367191098,0.554385286,0.472424139,0.122756508,0.992315737,0.965594408,0.073426779,0.034219788,0.721976189,0.067185823,0.317034324,0.322281835
g37,0.384379721,0.515470661,0.190147392,0.053781828,0.642073101,0.01602785,0.509604721,0.227733149,0.234602406,0.380263307,0.183357806,0.342482709
g38,0.467745352,0.016818235,0.772696239,0.789288426,0.330857879,0.070713914,0.731141074,0.061589091,0.681488556,0.276278791,0.403781182,0.233122092
g39,0.98369907,0.400527811,0.500976826,0.344186225,0.481018714,0.903036168,0.665658087,0.559720729,0.955298532,0.417847585,0.230903491,0.15425058
g40,0.853258873,0.343724788,0.661800361,0.156986284,0.734243927,0.146997486,0.110616805,0.203643715,0.994771834,0.057999631,0.943846583,0.98647172
g41,0.822871889,0.412870063,0.743671699,0.742242993,0.613520067,0.756602868,0.178153645,0.221644826,0.543287204,0.758700909,0.451244261,0.692394557
g42,0.959737037,0.43637878,0.677828435,0.498613948,0.137128785,0.532031798,0.316986086,0.267228301,0.560050261,0.229579443,0.472041846,0.602255271
g43,0.508080469,0.859449192,0.490647937,0.143954454,0.397095107,0.751745679,0.860744663,0.357265635,0.167381509,0.023111269,0.826179264,0.780999482
g44,0.857271657,0.269449187,0.88372591,0.987161231,0.194094553,0.028261409,0.657062892,0.481429262,0.420952084,0.968307635,0.465531221,0.633245856
g45,0.196493586,0.520825277,0.227067861,0.112053257,0.669050201,0.369224568,0.125181846,0.484791454,0.633298094,0.727373422,0.967628538,0.372154999
g46,0.868314292,0.996154909,0.725740101,0.564722823,0.229177073,0.06287824,0.432180253,0.502269166,0.70344796,0.901634445,0.752317357,0.379206092
g47,0.218772848,0.031210137,0.457718107,0.920311544,0.315275725,0.777855086,0.14493744,0.934261151,0.002110571,0.649833991,0.451820615,0.979061116
g48,0.461191605,0.518207734,0.913628916,0.499770669,0.286502749,0.7113314,0.709142958,0.696652437,0.883491859,0.811937651,0.449404752,0.683159869
g49,0.95797129,0.528999452,0.899824205,0.847211775,0.131704917,0.437259055,0.736930784,0.064837525,0.805929019,0.732823383,0.028752018,0.994738028
g50,0.569691643,0.811210306,0.045742527,0.80552484,0.336959647,0.256266426,0.246651847,0.599908219,0.663801993,0.894672017,0.256349964,0.52574907
g51,0.934313407,0.668398867,0.506959894,0.433305455,0.507026649,0.359126019,0.47176494,0.594919602,0.19985512,0.06551222,0.115692095,0.888783342
g52,0.449626821,0.13539459,0.907804301,0.395825794,0.933869033,0.518796784,0.869864306,0.658776485,0.095288143,0.203090799,0.467323646,0.618246423
g53,0.788524892,0.643664247,0.310572224,0.249566809,0.074489255,0.557900583,0.632429114,0.211042162,0.834996687,0.258324466,0.186957249,0.27108013
g54,0.14918509,0.029224105,0.5573822,0.599517346,0.230248543,0.882260208,0.822934057,0.934545202,0.66781398,0.955592555,0.78314555,0.40307991
g55,0.309437888,0.640247248,0.723891329,0.233980048,0.668175881,0.970377221,0.059111291,0.743463675,0.435175386,0.69484393,0.402232337,0.47817502
g56,0.907296048,0.928729827,0.984017069,0.644743853,0.89507592,0.058241556,0.031827498,0.481162765,0.717130182,0.852349997,0.128892316,0.445606193
g57,0.374693339,0.988801646,0.863121403,0.92823864,0.61437631,0.656798575,0.696561434,0.187958705,0.35959335,0.914317268,0.92047828,0.199308058
g58,0.48566981,0.68161159,0.246113258,0.324862264,0.075758265,0.668936985,0.183844229,0.023833187,0.199263742,0.518425187,0.726332873,0.25182604
g59,0.489617198,0.181978011,0.390977612,0.874429674,0.742784852,0.747333803,0.247317185,0.926310385,0.172736888,0.969209871,0.693543302,0.366026438
g60,0.716691641,0.648446529,0.376059836,0.154361208,0.731395876,0.036750348,0.457761879,0.090192203,0.737308474,0.918545104,0.830663733,0.538131007
g61,0.137575209,0.718094098,0.953574843,0.678481015,0.90417354,0.200469533,0.528000429,0.881870596,0.666897777,0.296118716,0.601402796,0.574103264
g62,0.278527078,0.448198042,0.495589077,0.193444749,0.21971315,0.366771669,0.106981579,0.576831375,0.943988093,0.72265604,0.452804936,0.987300684
g63,0.625921948,0.02077007,0.153932014,0.550894993,0.809655179,0.701742528,0.237377711,0.437222619,0.176435466,0.901535603,0.829107052,0.975228959
g64,0.537007474,0.335777022,0.998350784,0.61989134,0.607839525,0.760633975,0.269643811,0.983359908,0.859264094,0.640774843,0.01254871,0.349520297
g65,0.834791606,0.88420088,0.437503485,0.114323717,0.258186579,0.289483558,0.398404894,0.030553039,0.65658761,0.059317992,0.215535629,0.679920802
g66,0.558974753,0.77616076,0.851098732,0.479159245,0.536849084,0.859304546,0.341032481,0.015303204,0.124660194,0.472618929,0.142225151,0.443406834
g67,0.297548055,0.211966057,0.25075949,0.119014804,0.438311259,0.261754968,0.65219347,0.246527743,0.644514632,0.464446947,0.662061728,0.548344609
g68,0.296603604,0.842401342,0.537159401,0.211164841,0.075517207,0.452935391,0.454277453,0.485453815,0.534679655,0.704301109,0.944333379,0.10590978
g69,0.601539766,0.989381824,0.302797334,0.097636849,0.996127256,0.008244466,0.213643878,0.142054346,0.986034288,0.404745188,0.924024379,0.281237728
g70,0.858854105,0.591210178,0.253312568,0.813219859,0.059912803,0.511954829,0.321464453,0.364399579,0.437517074,0.04039594,0.078963252,0.483509365
g71,0.073823277,0.19881327,0.073383529,0.324190101,0.121945281,0.698052634,0.749060517,0.968984354,0.973475051,0.54552078,0.992156777,0.07710731
g72,0.703684695,0.432024731,0.849770343,0.395099141,0.514157891,0.895615609,0.893549668,0.82492959,0.436353506,0.590424556,0.690478851,0.305605329
g73,0.864269577,0.536370306,0.949615727,0.973839632,0.266602154,0.256387675,0.497594319,0.183393734,0.558695286,0.999951055,0.858933426,0.928221537
g74,0.501235201,0.525725782,0.389127447,0.714612148,0.003566118,0.107374371,0.266246035,0.81483189,0.620712225,0.219855961,0.353715311,0.641654067
g75,0.152545496,0.963473715,0.232937965,0.683706996,0.198909797,0.852623837,0.103895165,0.432158339,0.688135086,0.869588391,0.498093068,0.63553015
g76,0.820133515,0.431846605,0.282144396,0.643062529,0.412411159,0.193659207,0.333089035,0.031037559,0.405360853,0.046649882,0.560674984,0.027167487
g77,0.610504825,0.676758799,0.200703639,0.549189626,0.963913547,0.864277432,0.643578495,0.577409584,0.648140718,0.859416816,0.230543162,0.197026436
g78,0.404781285,0.759508696,0.187069615,0.386591451,0.85083138,0.199851513,0.487872155,0.564707596,0.387043313,0.079361583,0.258064255,0.416460802
g79,0.182901737,0.428617616,0.027653435,0.02614645,0.429889406,0.012486691,0.140851064,0.69084379,0.996749995,0.199731104,0.557415738,0.703904293
g80,0.15998722,0.534027285,0.434511172,0.356562389,0.313404219,0.593318816,0.447985746,0.407965545,0.155705631,0.06887958,0.927634099,0.262752727
g81,0.751395387,0.085591715,0.545088677,0.876367543,0.442002489,0.977378567,0.079467491,0.445271503,0.671428401,0.892933943,0.741748708,0.223937397
g82,0.218776234,0.381383721,0.323720116,0.529022871,0.06438813,0.423076551,0.528743052,0.754243019,0.570760497,0.526857485,0.792199902,0.478102586
g83,0.329853187,0.378656287,0.435631751,0.144787884,0.622376153,0.707733268,0.358278001,0.054836732,0.901171082,0.050148921,0.895128124,0.99370314
g84,0.460599714,0.894020413,0.551163162,0.44771755,0.180007271,0.397662109,0.15785634,0.775375233,0.881645359,0.937887529,0.386531085,0.909287367
g85,0.711722555,0.575285103,0.355366162,0.63461066,0.498527103,0.313650863,0.743334598,0.324520759,0.340116952,0.154509294,0.398552092,0.68868624
g86,0.213471869,0.732884431,0.412896515,0.608260124,0.363357935,0.713876579,0.709309291,0.696189271,0.436062951,0.701482165,0.136110639,0.797513591
g87,0.256836786,0.544644005,0.405916044,0.131091613,0.013011015,0.164963473,0.640906226,0.592720036,0.104610072,0.873740923,0.84740094,0.188501892
g88,0.367173949,0.29134779,0.161327723,0.336970001,0.270998285,0.991853101,0.896095019,0.535137219,0.228588465,0.005064853,0.42809362,0.114286763
g89,0.259632731,0.498366113,0.386999458,0.811505941,0.557659292,0.683824951,0.609309338,0.118059651,0.391441347,0.21713847,0.859528976,0.61049731
g90,0.585485639,0.186394323,0.936158469,0.340358483,0.020944063,0.404814647,0.861518904,0.13345125,0.470472547,0.234355831,0.399893296,0.737891007
g91,0.277469497,0.632403179,0.253948584,0.419576974,0.282636439,0.641848284,0.80328023,0.524991961,0.589696372,0.446867821,0.500480132,0.35169221
g92,0.358641559,0.349470966,0.393353837,0.822594087,0.289554617,0.917919907,0.572373804,0.876804476,0.681731172,0.859460972,0.706484953,0.805772522
g93,0.162880046,0.578567496,0.521764681,0.341693333,0.017404758,0.212425722,0.388948346,0.999994597,0.420237301,0.144368039,0.031919265,0.68220373
g94,0.706193117,0.653609394,0.764266857,0.72108018,0.178874677,0.563545135,0.474170397,0.528628318,0.504554817,0.706704863,0.501046046,0.321044755
g95,0.392673272,0.418041692,0.274797246,0.648902731,0.314385714,0.793673261,0.637551503,0.043735711,0.599934126,0.611540173,0.402706532,0.116611321
g96,0.293793974,0.211817731,0.499965074,0.587691821,0.03881631,0.813197766,0.929448193,0.562265683,0.590136898,0.60511168,0.674621817,0.068260114
g97,0.28788668,0.427436718,0.661267734,0.62382413,0.15253275,0.385979742,0.823301378,0.912050565,0.584639796,0.990717118,0.994642185,0.204262876
g98,0.601881453,0.175017547,0.93633197,0.029137623,0.888721783,0.683514146,0.076602995,0.525285199,0.385608689,0.849376039,0.240727519,0.583605132
g99,0.008690149,0.967562414,0.18723738,0.213747301,0.10311014,0.85946974,0.83151444,0.530234526,0.790488124,0.653497616,0.684220364,0.79004708
g100,0.377615619,0.233591461,0.088292197,0.682752084,0.158488625,0.045398053,0.035217542,0.934104131,0.477457042,0.227713864,0.619727244,0.64254187
g101,0.437322998,0.295397023,0.378664484,0.940019986,0.301155936,0.160055976,0.837437285,0.9274494,0.600923042,0.428464747,0.410532983,0.76269001
g102,0.861084948,0.479897431,0.556364491,0.481589256,0.126109719,0.501963381,0.649726299,0.688281517,0.829668681,0.645176811,0.418853519,0.235503822
g103,0.476617806,0.581738183,0.920236191,0.777817497,0.266244592,0.477671968,0.196005584,0.306363836,0.560711566,0.00768237,0.917596744,0.448826322
g104,0.875095242,0.169939222,0.65567475,0.249644534,0.023962712,0.522582026,0.561634325,0.630634364,0.776987716,0.809674183,0.485054378,0.294289373
g105,0.582714431,0.763076991,0.860534335,0.351154963,0.944773556,0.359516217,0.25991506,0.7052437,0.445960044,0.629840661,0.46114109,0.095358558
g106,0.246415819,0.151224783,0.9880523,0.28276334,0.456226724,0.988343124,0.496721326,0.788345662,0.762443636,0.201831096,0.656423631,0.320049715
g107,0.887733958,0.601971265,0.354605234,0.288805143,0.094312515,0.559368599,0.909640053,0.448339147,0.833650196,0.652125555,0.82696976,0.397084368
g108,0.358822291,0.421547324,0.019439209,0.579510169,0.075901613,0.542311915,0.788946629,0.680261641,0.88715816,0.055510469,0.090965651,0.790858968
g109,0.081025826,0.701353941,0.604343905,0.391234529,0.469606829,0.706532401,0.288637573,0.524539421,0.716615892,0.483000256,0.612839873,0.190274848
g110,0.091352475,0.853500984,0.211365234,0.75580789,0.694189566,0.540326244,0.683833758,0.957088285,0.591867572,0.625757113,0.103669916,0.889417606
g111,0.119237371,0.371437138,0.927840229,0.608336709,0.155514644,0.037837123,0.376542909,0.488743314,0.048096714,0.278368694,0.098715689,0.791886383
g112,0.127550236,0.006697021,0.39069566,0.469591257,0.863381804,0.592080691,0.972816019,0.774153256,0.167244078,0.790454732,0.940188099,0.784299062
g113,0.200705463,0.764900854,0.427776438,0.005348669,0.61281063,0.059155053,0.492252857,0.025383967,0.015012351,0.711624142,0.445464893,0.224807952
g114,0.753036092,0.005741544,0.302605315,0.474816908,0.265983719,0.505516863,0.349091573,0.912111069,0.393411745,0.209536917,0.958466563,0.457949056
g115,0.597719411,0.986343071,0.202675135,0.944885281,0.75387472,0.255272914,0.879566227,0.212060145,0.653828041,0.097065278,0.290625261,0.028144773
g116,0.24121481,0.96923134,0.132721975,0.439357596,0.983719963,0.918252826,0.974779599,0.620474127,0.635359758,0.821168693,0.115209158,0.680443841
g117,0.254781162,0.269372856,0.023486407,0.1959896,0.077252849,0.1224864,0.506020602,0.400913863,0.703231422,0.971194835,0.242527796,0.13451189
g118,0.613448648,0.750025186,0.654708577,0.02927714,0.020520445,0.037396884,0.961274305,0.763291986,0.55442303,0.264342409,0.021742485,0.641869189
g119,0.079923896,0.70526543,0.55084497,0.210614926,0.056245912,0.930662233,0.970372306,0.599143263,0.897629799,0.816490276,0.095308256,0.009603238
g120,0.25112507,0.462831537,0.423618389,0.507902006,0.037543118,0.788019067,0.405725274,0.483179852,0.161037256,0.07531169,0.829133321,0.528479646
g121,0.471869822,0.9342506,0.091799382,0.249960849,0.550600033,0.030894539,0.870991222,0.644005139,0.381547356,0.280488627,0.992565424,0.007456757
g122,0.023527944,0.455233489,0.62864967,0.254872142,0.708455797,0.520114309,0.202853747,0.321140624,0.378841485,0.238961159,0.093020447,0.400301404
g123,0.484856287,0.233908715,0.118973466,0.496332427,0.296269106,0.387059856,0.528174923,0.481549493,0.248766481,0.858610476,0.019465204,0.787759365
g124,0.610731835,0.4609052,0.147992714,0.698291165,0.03045202,0.813916356,0.696696706,0.295145621,0.741158189,0.532552802,0.812853654,0.947907276
g125,0.226733277,0.405606679,0.859470426,0.2185933,0.365912558,0.191147339,0.292086267,0.808305298,0.993024113,0.282136869,0.672433644,0.307379985
g126,0.372108283,0.407708103,0.810551967,0.162615716,0.010486372,0.180379476,0.459131264,0.074232717,0.55980113,0.274686288,0.961855534,0.344281097
g127,0.911093568,0.3206638,0.289131634,0.717321759,0.543081869,0.219042563,0.492174645,0.815534421,0.0354369,0.800246435,0.48004207,0.729750092
g128,0.059240275,0.241258757,0.669231746,0.841421529,0.643586002,0.182348659,0.884682027,0.991575334,0.664454588,0.01314347,0.797788167,0.64882474
g129,0.358787811,0.450378714,0.834222711,0.100520634,0.193549878,0.538029495,0.653473771,0.7620348,0.046748116,0.704144606,0.191580915,0.219306159
g130,0.57999481,0.434680611,0.389879014,0.58003678,0.767616077,0.081310506,0.262230796,0.30541956,0.249509547,0.978566326,0.995813375,0.037457603
g131,0.050196349,0.968185026,0.68625297,0.774578775,0.836262147,0.763573366,0.378515867,0.324459227,0.81323164,0.317253354,0.116261164,0.048302693
g132,0.799350614,0.588871972,0.642177104,0.336327092,0.2719222,0.897242078,0.240853304,0.836550676,0.903343154,0.864683716,0.476134127,0.805346028
g133,0.343010214,0.992128873,0.02181628,0.714192672,0.16425231,0.879596029,0.710879612,0.69943947,0.304299276,0.130454439,0.156982962,0.367127415
g134,0.930852253,0.124285657,0.096453666,0.658121475,0.580376559,0.455718637,0.05773716,0.81420692,0.926660252,0.66408323,0.867334295,0.604338121
g135,0.257461817,0.728888309,0.340872228,0.355279837,0.453123347,0.937942708,0.699714176,0.164219474,0.307710557,0.83688552,0.735507792,0.992009701
g136,0.151104757,0.014635057,0.166642684,0.371194127,0.189968722,0.01056061,0.925615775,0.298789693,0.822429305,0.190281656,0.074490452,0.785786579
g137,0.703723082,0.264646512,0.084442388,0.629755554,0.464719778,0.504027184,0.739285744,0.618395835,0.622395079,0.853206991,0.046523688,0.307043904
g138,0.475095079,0.010631188,0.250767755,0.512968146,0.216595885,0.11802381,0.87292579,0.899872193,0.012306225,0.144942152,0.392468058,0.641093169
g139,0.899367277,0.311739912,0.086533553,0.640091018,0.659191139,0.382155322,0.305187352,0.041870254,0.795006658,0.818853355,0.983529125,0.23274248
g140,0.737984559,0.66071696,0.905932978,0.411215814,0.06174629,0.594996164,0.562238299,0.474608842,0.088149891,0.037331154,0.615681444,0.469910772
g141,0.697626438,0.471026569,0.854174744,0.656564246,0.447970231,0.730732214,0.08247514,0.431511952,0.124403419,0.763519756,0.057609576,0.443870378
g142,0.17110598,0.007040719,0.005751812,0.051152428,0.504565547,0.704069896,0.508884908,0.639163814,0.603419969,0.392599827,0.308789028,0.681005073
g143,0.067921676,0.635788016,0.402359467,0.023180829,0.333511981,0.813686975,0.024765434,0.054450796,0.437701351,0.867445568,0.223940508,0.661433816
g144,0.033442529,0.463696152,0.49269752,0.372133365,0.689198356,0.848977798,0.298967307,0.013113584,0.70774922,0.711376396,0.635739877,0.657339707
g145,0.166593534,0.829632111,0.25771141,0.706223684,0.807853557,0.419390258,0.727226374,0.467771745,0.254716196,0.758415076,0.132860307,0.56174448
g146,0.987620291,0.991946171,0.140019702,0.998830969,0.157641421,0.912780787,0.759038285,0.792832266,0.783661081,0.328692743,0.877225629,0.20472911
g147,0.861986675,0.842359527,0.218959969,0.401263082,0.308815279,0.38725613,0.836609391,0.338191482,0.682294913,0.899829366,0.959792211,0.52053815
g148,0.478216257,0.580661829,0.713679302,0.671036621,0.779785263,0.2179687,0.349233232,0.374480799,0.397497116,0.835687461,0.036905731,0.617208003
g149,0.170372928,0.227941475,0.035116791,0.853309288,0.037103725,0.537654112,0.41280249,0.303705671,0.068241047,0.50020494,0.028462912,0.071867961
g150,0.848620966,0.525962677,0.763282421,0.713333246,0.706244224,0.898602349,0.80570318,0.805986024,0.460592956,0.139632277,0.204227046,0.89805126
g151,0.098827947,0.981593885,0.481804554,0.12147043,0.321789842,0.473998806,0.179352551,0.931136959,0.18233811,0.554430707,0.211251983,0.834690718
g152,0.574545036,0.718005337,0.122996826,0.975356357,0.48657424,0.168822014,0.94985689,0.97987217,0.422235195,0.310528434,0.455811169,0.134204991
g153,0.268063012,0.801486822,0.460020109,0.573576668,0.391224911,0.593941505,0.872012599,0.710968984,0.035907523,0.436014633,0.983794014,0.336835559
g154,0.078074857,0.27022313,0.216668612,0.079158552,0.858188929,0.212546978,0.331074438,0.830330491,0.134216933,0.72497588,0.568161674,0.49756569
g155,0.810554771,0.693704197,0.158506782,0.062386604,0.69614775,0.653015266,0.288141944,0.257989499,0.992164761,0.877299394,0.648901196,0.428334511
g156,0.51517682,0.065411329,0.358895143,0.436705639,0.607549642,0.471596025,0.662478702,0.544525501,0.118257634,0.077871759,0.444625142,0.169019046
g157,0.613266287,0.592729407,0.080499526,0.349561041,0.082458423,0.422496651,0.104156173,0.09094324,0.670450871,0.587612707,0.997348121,0.777667282
g158,0.883442443,0.285781609,0.745085481,0.652103119,0.725584809,0.409873101,0.331439319,0.624151105,0.974432602,0.703239973,0.948909059,0.14742698
g159,0.705542588,0.734079671,0.50319684,0.281292407,0.391028246,0.557143813,0.087641683,0.411862155,0.803025719,0.072002507,0.293567617,0.44373752
g160,0.259825252,0.622732712,0.962666414,0.705825962,0.981697564,0.297825859,0.266967979,0.465736366,0.463850795,0.329895452,0.647577932,0.052153312
g161,0.027811047,0.770651572,0.77368379,0.994377516,0.399324913,0.492402232,0.110525896,0.422729389,0.124822288,0.988276664,0.814087757,0.709567011
g162,0.631890694,0.282709042,0.752115992,0.28485914,0.844620855,0.57375893,0.685111728,0.837856685,0.070310686,0.229695393,0.278889697,0.394565631
g163,0.337992573,0.230839803,0.144598944,0.089768265,0.231827543,0.227582265,0.377134121,0.821934461,0.697725414,0.495950256,0.010828442,0.180603805
g164,0.723789017,0.466342103,0.087837149,0.789515991,0.67031269,0.722598172,0.49037869,0.26010883,0.405703056,0.352279404,0.601630685,0.411308421
g165,0.677277406,0.662309,0.542436579,0.760414369,0.501937258,0.092974055,0.099538764,0.986272918,0.086748343,0.18831817,0.22376465,0.71728604
g166,0.479712772,0.96238843,0.878035956,0.155669324,0.25872136,0.676128382,0.610393399,0.443066196,0.279463745,0.634045704,0.742229732,0.305797805
g167,0.550819506,0.965354608,0.097894516,0.414925586,0.802075298,0.04017744,0.801674661,0.13890377,0.704850219,0.98262878,0.91313315,0.438163344
g168,0.062931797,0.013273965,0.794210307,0.874534109,0.080008816,0.278953555,0.621675485,0.608227318,0.885826832,0.68279485,0.106384371,0.344698882
g169,0.198069625,0.185206454,0.065864551,0.02163367,0.339567219,0.692794211,0.225348546,0.735631409,0.586831803,0.534812681,0.0089621,0.931397987
g170,0.514772285,0.750451191,0.32872683,0.516114272,0.383327019,0.856411581,0.364176793,0.310699107,0.738035329,0.151217105,0.957850538,0.847244684
g171,0.363688576,0.629474371,0.299874526,0.478175984,0.311777983,0.580127323,0.07785402,0.874204907,0.682302982,0.339876825,0.717562179,0.523031599
g172,0.23803422,0.150662821,0.371360267,0.156705387,0.056147256,0.848779627,0.883153527,0.769551311,0.615531255,0.323666187,0.123879495,0.038181483
g173,0.632076265,0.44759907,0.592387372,0.032611867,0.374504625,0.728691967,0.842616223,0.651622684,0.608504909,0.986341878,0.668897907,0.259671523
g174,0.884089985,0.559492158,0.695598847,0.1707289,0.970595759,0.260473216,0.649987312,0.285208254,0.137083572,0.590816749,0.591515602,0.714831135
g175,0.476668787,0.877512925,0.07839578,0.41017102,0.128165514,0.243687957,0.834380045,0.251452706,0.94808005,0.954973064,0.61578551,0.139673375
g176,0.285479231,0.762624139,0.086991221,0.262737607,0.081306867,0.051095335,0.425850263,0.396778768,0.704373875,0.524016727,0.71572058,0.300763292
g177,0.650068239,0.907994692,0.177696092,0.655871634,0.919330624,0.636715776,0.691491788,0.246121946,0.21555306,0.376509772,0.910378353,0.898761666
g178,0.38123508,0.85211942,0.568748957,0.296436099,0.089909089,0.544547233,0.136791305,0.672371208,0.533426305,0.981226296,0.555159533,0.641795065
g179,0.621169044,0.485767022,0.184970879,0.873450932,0.487623884,0.185589071,0.774857091,0.124473263,0.610090184,0.29955758,0.649092827,0.240143861
g180,0.387795306,0.280784323,0.44236205,0.11946691,0.961371582,0.058973092,0.045236959,0.374491549,0.403201622,0.10820209,0.4861576,0.554966847
g181,0.987476961,0.436706619,0.8313546,0.785823303,0.106086996,0.42482424,0.432818662,0.24867472,0.535274199,0.307112651,0.578851926,0.968200516
g182,0.679776411,0.431203012,0.855692826,0.465825009,0.711253001,0.94095721,0.077405063,0.859352838,0.283893591,0.235151636,0.56076938,0.624859159
g183,0.178248043,0.40683378,0.096975204,0.487610119,0.384546116,0.015232143,0.43439473,0.645713311,0.5291791,0.929931388,0.95247495,0.90515638
g184,0.189835822,0.117227431,0.778496745,0.653227423,0.743566719,0.37071388,0.104143255,0.565837802,0.354830715,0.769985203,0.520971846,0.250386921
g185,0.673249622,0.046605976,0.971196849,0.921434859,0.463487587,0.044087147,0.068639218,0.180819962,0.313931844,0.215296341,0.19286181,0.388288164
g186,0.764872788,0.536613437,0.274551015,0.635965066,0.906663406,0.898486552,0.199496546,0.342852523,0.860522676,0.939537517,0.082366631,0.728605244
g187,0.182180921,0.941393003,0.430699228,0.101157355,0.592114001,0.885466753,0.949182164,0.192901686,0.657269246,0.233388411,0.559019423,0.764343717
g188,0.856724321,0.90635606,0.156945527,0.250458661,0.72521542,0.083635282,0.529331678,0.168921049,0.995088018,0.839046229,0.738241138,0.794657267
g189,0.463658796,0.28782527,0.371966268,0.514192116,0.226661444,0.961001783,0.499822465,0.225782955,0.406678115,0.943596366,0.598791672,0.44796654
g190,0.641551172,0.046993803,0.72914729,0.750349117,0.488271345,0.520027334,0.723177409,0.609492287,0.643669356,0.476016817,0.896222511,0.942153895
g191,0.244345781,0.888269467,0.084639395,0.774335122,0.08544819,0.542455698,0.187219279,0.266088623,0.596885826,0.424391855,0.206185326,0.705612621
g192,0.701872734,0.356863507,0.699908169,0.321999066,0.345305565,0.59032543,0.1755769,0.181248736,0.848859652,0.758140323,0.076906311,0.08473484
g193,0.100533585,0.264358457,0.653625329,0.795305483,0.270954691,0.291517157,0.521361169,0.809999343,0.449680082,0.167671265,0.189484928,0.331209403
g194,0.383987848,0.355562722,0.858173289,0.219371933,0.002175438,0.689402806,0.534002861,0.513871913,0.062579942,0.165316016,0.847295553,0.796171999
g195,0.061748842,0.808507918,0.524919466,0.357789759,0.989310403,0.664024787,0.401589968,0.908547161,0.041697766,0.489513159,0.490910198,0.863314315
g196,0.247781819,0.587583906,0.37934241,0.629432106,0.960400574,0.072043942,0.889158898,0.034086646,0.888372007,0.655493658,0.900241787,0.415104848
g197,0.600879127,0.18801422,0.236091104,0.823799387,0.146531062,0.720798922,0.706475118,0.593822335,0.011207771,0.459909044,0.735380468,0.102583556
g198,0.171557842,0.597419675,0.682773501,0.153040361,0.360168307,0.883478749,0.272840625,0.272363876,0.081218503,0.88613337,0.239630327,0.229557251
g199,0.594036083,0.472244625,0.42556193,0.911816831,0.968690424,0.082799304,0.553618601,0.201148176,0.981255706,0.888388166,0.992356901,0.86333828
g200,0.271803187,0.481472314,0.094940902,0.526653531,0.696514159,0.483983378,0.817272653,0.70000432,0.871085428,0.207175821,0.986745191,0.489677743
g201,0.987195298,0.020912356,0.044861257,0.861751528,0.245680913,0.535497675,0.435379572,0.712206286,0.988537102,0.719832811,0.778029171,0.808249384
g202,0.482159904,0.785506625,0.764627599,0.192447048,0.514951652,0.004085412,0.320676011,0.193344258,0.67501788,0.723733494,0.212399431,0.033111832
g203,0.238259889,0.381711751,0.133959106,0.547045617,0.408942688,0.011161302,0.093401716,0.533715439,0.250867387,0.906460759,0.079222191,0.867427038
g204,0.726504695,0.078229916,0.127634258,0.324985445,0.851661961,0.823188709,0.464967313,0.942828178,0.836134149,0.732762782,0.43324345,0.043930701
g205,0.449725024,0.39284956,0.201609493,0.323700472,0.647197824,0.316916893,0.33816062,0.443384942,0.229118787,0.731451334,0.446922758,0.406702831
g206,0.59820013,0.213461498,0.463908791,0.56929148,0.292494705,0.838624145,0.599789168,0.391853028,0.796856096,0.869539115,0.355800736,0.861159219
g207,0.147147676,0.134861009,0.983511764,0.592514413,0.758304571,0.91414392,0.797332724,0.370332414,0.803983331,0.534382811,0.309121921,0.78265034
g208,0.514682864,0.054224318,0.472078065,0.638676429,0.887473176,0.691059026,0.364313178,0.209639456,0.493183596,0.598286922,0.037061827,0.695414336
g209,0.177795658,0.488032868,0.657370784,0.030872174,0.968802382,0.870611249,0.084081471,0.692641909,0.071129201,0.785651423,0.250564591,0.944277962
g210,0.295437526,0.038804653,0.307162675,0.394442271,0.190709256,0.150882146,0.564159449,0.939893648,0.469366848,0.488436017,0.600168293,0.55280315
g211,0.232710798,0.804079035,0.554626699,0.469991933,0.323506078,0.843886408,0.181657505,0.512740442,0.073241343,0.205319201,0.172083072,0.445981381
g212,0.18689615,0.0799993,0.394558107,0.54732629,0.193186501,0.750723995,0.295845323,0.611716746,0.391751977,0.089822119,0.106647418,0.019929451
g213,0.476156142,0.651453149,0.779736111,0.732929757,0.142295555,0.828127775,0.725518135,0.928617719,0.549511043,0.761861859,0.437386611,0.414818603
g214,0.124096388,0.780308196,0.651967324,0.18220438,0.749822438,0.812978211,0.627763226,0.790327084,0.390265961,0.355791257,0.322517978,0.213464251
g215,0.158500986,0.716945365,0.512737046,0.059126921,0.217150516,0.13199134,0.793687987,0.705660631,0.50846028,0.397292983,0.886608286,0.021710509
g216,0.20957211,0.861584853,0.448347887,0.124313428,0.150298764,0.049657444,0.194393403,0.963689906,0.682165125,0.283173997,0.466381584,0.869688938
g217,0.504372754,0.465786746,0.332953985,0.935773345,0.480682576,0.063498382,0.915519328,0.761742886,0.0282257,0.600645532,0.052675204,0.167677096
g218,0.92227801,0.982798175,0.061048221,0.040055887,0.360235041,0.147214088,0.224628961,0.838151334,0.43617242,0.022564142,0.247914951,0.832968298
g219,0.014460951,0.52192049,0.972046304,0.491542847,0.319683497,0.011018866,0.206557733,0.693684887,0.19399857,0.429311698,0.657502175,0.007571458
g220,0.040432184,0.807215578,0.143789229,0.716903292,0.738589505,0.604282806,0.665173101,0.459806364,0.388855589,0.765088791,0.379213289,0.502730496
g221,0.884450155,0.84717241,0.315776956,0.480556803,0.298205022,0.42680126,0.899759763,0.940189314,0.653132428,0.526031538,0.973906606,0.926190451
g222,0.934182407,0.536079102,0.675048028,0.400426038,0.647280427,0.122727432,0.921109953,0.096973731,0.718239406,0.395267878,0.3701337,0.282014693
g223,0.30113375,0.012890068,0.570835688,0.9075271,0.451011705,0.75363621,0.80929099,0.091479252,0.197875016,0.50370587,0.841582985,0.746204823
g224,0.429717423,0.127780662,0.744612016,0.341474131,0.374597845,0.863267795,0.342746666,0.123782452,0.144720742,0.183066788,0.352560663,0.903459738
g225,0.289010833,0.136024692,0.014700046,0.113011674,0.097870352,0.911495811,0.68697414,0.712695354,0.788776078,0.255763643,0.161989557,0.023461269
g226,0.506365601,0.625001174,0.898664537,0.62469232,0.96948332,0.305159445,0.220102573,0.017594772,0.043980854,0.236754197,0.549230734,0.651637789
g227,0.377025601,0.727812825,0.114035573,0.564015146,0.203092259,0.121269159,0.724844909,0.199754853,0.70089708,0.805156089,0.418912634,0.297567181
g228,0.109545788,0.418128783,0.146719586,0.752792889,0.136579973,0.460815157,0.335772698,0.445396517,0.57995208,0.270779333,0.712948162,0.161789089
g229,0.568947962,0.395993962,0.292479357,0.074253543,0.094201281,0.82634214,0.831679236,0.599348032,0.567063695,0.563092408,0.178460478,0.159575521
g230,0.540083698,0.646174773,0.822227564,0.575814193,0.461542184,0.604010446,0.790116331,0.895672006,0.313327425,0.326816887,0.998664767,0.326025389
g231,0.775595307,0.976878767,0.388633853,0.961007785,0.749428738,0.38893114,0.631033809,0.839589903,0.656709923,0.756998157,0.4102519,0.882082171
g232,0.303068178,0.159323416,0.147315343,0.83187818,0.176913774,0.393772749,0.333125478,0.456019728,0.893812562,0.176416132,0.91726223,0.202283074
g233,0.925856394,0.505890751,0.918207068,0.244836481,0.214611858,0.964605506,0.094802877,0.023973484,0.888083328,0.412639862,0.330651442,0.471103454
g234,0.818999384,0.290021632,0.062052322,0.832604136,0.7828399,0.354233674,0.133004158,0.934822127,0.176275942,0.549520206,0.028688235,0.491733211
g235,0.485098264,0.774370997,0.364410774,0.436854712,0.407926144,0.6724764,0.918646408,0.591843411,0.013267235,0.666659212,0.78785034,0.895308853
g236,0.11154254,0.230299928,0.337737673,0.1977791,0.285169888,0.893827289,0.161489954,0.659961777,0.861124132,0.077879677,0.908704142,0.195941929
g237,0.336261772,0.16809989,0.543079654,0.782270981,0.884563235,0.786231653,0.090329052,0.500436007,0.718013299,0.777934039,0.750311438,0.679046826
g238,0.465277849,0.502602343,0.925695629,0.579636488,0.580370907,0.443215591,0.560192994,0.319081383,0.278596666,0.094889072,0.805755103,0.017003157
g239,0.061985271,0.549740388,0.049295562,0.471015446,0.408762811,0.321574445,0.180799811,0.417454876,0.237599683,0.748968142,0.615963277,0.657290356
g240,0.964136278,0.854134875,0.257723939,0.33080066,0.964714366,0.425732951,0.340210169,0.611084458,0.104866037,0.492640233,0.525592661,0.842177319
g241,0.064933948,0.361611863,0.826773904,0.182641199,0.690808337,0.284613931,0.854328746,0.014028404,0.748113133,0.144975615,0.293330198,0.10234929
g242,0.20233702,0.722803107,0.780761028,0.207775836,0.414371746,0.907747693,0.254831038,0.00322313,0.960391566,0.704549615,0.335779069,0.831377875
g243,0.584332908,0.676226741,0.412034501,0.107910495,0.556708334,0.809469761,0.582927338,0.726131092,0.688002376,0.029924921,0.434706207,0.81913238
g244,0.366901713,0.795115695,0.910427594,0.627883368,0.112773363,0.332170919,0.669315502,0.208723982,0.228691602,0.182855829,0.868148252,0.574099824
g245,0.787453137,0.583594851,0.614030785,0.062851828,0.055138734,0.678368779,0.457038692,0.949873787,0.669962167,0.5913886,0.017247707,0.408118528
g246,0.531621732,0.060065611,0.559603189,0.077359518,0.82505827,0.40751642,0.80246007,0.233550083,0.837640683,0.052556695,0.139501454,0.191309326
g247,0.906664474,0.46941712,0.919917476,0.250177032,0.913725849,0.841188195,0.033918894,0.260476103,0.235689731,0.099111018,0.88110521,0.997238234
g248,0.638265088,0.547404411,0.136370125,0.091296533,0.257780871,0.224560227,0.859488064,0.507230096,0.489469628,0.899084843,0.45576744,0.331158556
g249,0.417902054,0.508588055,0.176607096,0.935464202,0.254047448,0.407956914,0.605030999,0.615813964,0.878896741,0.066665069,0.490100955,0.442498539
g250,0.675417848,0.78783634,0.338089723,0.145988112,0.205789687,0.209837814,0.222582786,0.715576706,0.788503453,0.93272682,0.272141897,0.689214948
g251,0.757915949,0.091786482,0.439737313,0.491004115,0.232652971,0.298082905,0.302341503,0.906788666,0.006993771,0.317617211,0.732185811,0.819982292
g252,0.125320551,0.607285096,0.558282224,0.808457823,0.789495965,0.323083265,0.591469526,0.794963667,0.304185275,0.475650839,0.224106576,0.638989365
g253,0.475695598,0.906174466,0.774727796,0.184125114,0.106861441,0.382240471,0.310700683,0.008022476,0.302577061,0.04414409,0.349292828,0.438500725
g254,0.626416508,0.527974905,0.02963837,0.088816187,0.190575797,0.687398397,0.306953901,0.656606397,0.271204281,0.366881488,0.069801091,0.291204993
g255,0.751768934,0.29173685,0.184632326,0.007591862,0.658869651,0.785972146,0.610354181,0.22487319,0.51081109,0.962945616,0.476274499,0.915819258
g256,0.937240363,0.109080549,0.784975007,0.683252613,0.231241376,0.57374844,0.433332365,0.708226109,0.601754124,0.758912913,0.144048942,0.239851611
g257,0.103015757,0.726679482,0.245549566,0.314876266,0.125476986,0.370418714,0.823721428,0.639349643,0.840950992,0.95136345,0.516914073,0.100194147
g258,0.444138333,0.076091951,0.32164158,0.020542968,0.691108266,0.406982542,0.365034745,0.204717021,0.348500146,0.883808055,0.004058392,0.822269509
g259,0.44465707,0.708403103,0.179843772,0.96191085,0.236783708,0.548230971,0.855305921,0.171692747,0.131400175,0.196543025,0.933987266,0.421137145
g260,0.244961797,0.117732278,0.523016227,0.617812595,0.939110042,0.564750759,0.621159995,0.168696802,0.076480743,0.938188371,0.886315499,0.694590874
g261,0.067958262,0.014621688,0.992457929,0.403526248,0.819523191,0.099227955,0.919360809,0.401118829,0.854114334,0.085732097,0.95498594,0.132809113
g262,0.420698814,0.182727436,0.141045001,0.921785443,0.119959529,0.107493602,0.022214822,0.743513702,0.489057558,0.947639058,0.529395863,0.4038931
g263,0.087343691,0.469585325,0.237978585,0.186776411,0.40263299,0.218083342,0.026018021,0.739956351,0.52292194,0.394919834,0.348743753,0.5654435
g264,0.504148388,0.103186453,0.377248346,0.588814195,0.148856612,0.924633723,0.90437196,0.767874266,0.534437569,0.384972729,0.495419344,0.762346145
g265,0.151312507,0.034375148,0.975506934,0.552143811,0.846823012,0.916326999,0.924086465,0.942403988,0.502504767,0.98644056,0.359120831,0.936789786
g266,0.210543582,0.634388909,0.807186879,0.14243335,0.103708955,0.807108664,0.048781327,0.873351802,0.061449437,0.320667916,0.128276634,0.819182394
g267,0.861425368,0.960527907,0.522506084,0.831135067,0.624707165,0.157895189,0.223808661,0.603345593,0.964905098,0.309797217,0.624093483,0.980815422
g268,0.573098195,0.852272081,0.139086409,0.726513932,0.873003053,0.04396643,0.404742862,0.860639011,0.757888206,0.470594957,0.581771294,0.25365706
g269,0.790095024,0.150571248,0.879480379,0.243222898,0.101307054,0.579502372,0.092087519,0.55655441,0.538781635,0.431249133,0.190551568,0.240452156
g270,0.765309244,0.435195658,0.981948945,0.214856621,0.94464796,0.133297358,0.193394664,0.769730318,0.831991329,0.621480528,0.296351778,0.798450299
g271,0.350300091,0.660403451,0.589746096,0.326367717,0.308489167,0.283479453,0.197226549,0.188735586,0.212517361,0.859791273,0.904601534,0.177087221
g272,0.222232713,0.930707696,0.773447259,0.681868882,0.484958669,0.913159673,0.36275728,0.139993574,0.176672252,0.436037657,0.061927106,0.08739554
g273,0.803121986,0.343989449,0.366215283,0.510302954,0.974716684,0.882898166,0.909008804,0.797221979,0.320752135,0.856139236,0.84091351,0.163022029
g274,0.013268139,0.685926027,0.862038781,0.402164486,0.370796708,0.085551993,0.104916325,0.217843431,0.451223195,0.012808492,0.698374935,0.547695729
g275,0.239780038,0.376637634,0.998709383,0.692184653,0.500197647,0.340653187,0.244607725,0.632438187,0.991058575,0.284162334,0.56708527,0.411917722
g276,0.773024436,0.76563183,0.0066485,0.244848612,0.551035526,0.794267326,0.476925246,0.923106299,0.925097541,0.684833477,0.513613177,0.135834672
g277,0.911049065,0.602647539,0.200347903,0.468418886,0.486518655,0.583366172,0.615728127,0.028162821,0.192026735,0.08880312,0.429150393,0.39367625
g278,0.54800315,0.538487717,0.911292328,0.502417324,0.519762512,0.643666863,0.009824544,0.169852396,0.071359509,0.429158565,0.355498534,0.561576307
g279,0.048327336,0.549744497,0.740503926,0.413615614,0.519854766,0.372054079,0.872728799,0.054046625,0.524019055,0.028833926,0.022189376,0.996433408
g280,0.715352252,0.20847489,0.286018512,0.259177075,0.765015109,0.478427871,0.13022053,0.062233449,0.394740841,0.525368069,0.18113333,0.334176336
g281,0.933869973,0.346285638,0.83155651,0.906403982,0.644342375,0.052795489,0.869465995,0.207120278,0.249930664,0.626011164,0.141308343,0.08523433
g282,0.183571175,0.859094939,0.395538712,0.185412114,0.363182736,0.185123172,0.143525199,0.096285195,0.849705562,0.622943818,0.010776183,0.518054457
g283,0.641162537,0.852549273,0.899168217,0.210110327,0.139991017,0.92213464,0.799247456,0.095811102,0.15825189,0.104558757,0.248852931,0.135787305
g284,0.006271718,0.998785551,0.570964872,0.401799229,0.31874469,0.869545376,0.895397325,0.123927594,0.271270966,0.648521495,0.305346547,0.373889615
g285,0.908780799,0.653582669,0.711940742,0.440578544,0.748042545,0.007963146,0.933471055,0.032163355,0.768063787,0.771513801,0.532838964,0.096393127
g286,0.371188415,0.334604945,0.225753543,0.431995082,0.100570284,0.300133625,0.425748314,0.673751025,0.593364097,0.148734732,0.164679269,0.365934461
g287,0.082498126,0.252068038,0.115267368,0.537292176,0.917247442,0.89350576,0.732361759,0.075709337,0.614917507,0.610983855,0.041212379,0.034054559
g288,0.259394805,0.210241145,0.619197035,0.805639113,0.135189227,0.559026797,0.139753989,0.378313772,0.749799411,0.637601172,0.067797164,0.640502474
g289,0.563436923,0.009141818,0.942974381,0.927615445,0.762904691,0.604479734,0.026581979,0.759593807,0.254835508,0.259152854,0.677609916,0.630224618
g290,0.841499087,0.678016131,0.633857301,0.965243836,0.985643123,0.998117853,0.255889207,0.244999304,0.906945039,0.41153371,0.125944343,0.43801238
g291,0.548751477,0.949491365,0.856149981,0.745324476,0.352183314,0.788893958,0.596633976,0.258006156,0.942230073,0.516240489,0.031609836,0.608455229
g292,0.210365509,0.297941079,0.05852988,0.869434806,0.930819627,0.038859841,0.571357291,0.148270002,0.762041608,0.752692812,0.332382485,0.368232563
g293,0.180691736,0.352888258,0.701319898,0.552588497,0.748628123,0.189840623,0.204316034,0.957550568,0.855554885,0.597258188,0.218770573,0.989796646
g294,0.823963196,0.660545475,0.971154497,0.201896546,0.107870521,0.314814351,0.967209786,0.060817814,0.536074135,0.574289908,0.687500365,0.317721998
g295,0.741171536,0.18721236,0.441017194,0.263160603,0.172545436,0.517526992,0.630918405,0.573705707,0.162779355,0.636622611,0.605065321,0.300971859
g296,0.184643378,0.576173206,0.40206047,0.225688947,0.606775535,0.672025583,0.416540943,0.87067209,0.554464549,0.052964679,0.969197957,0.100643827
g297,0.134228812,0.179712332,0.461130082,0.03140025,0.12613896,0.352552312,0.431244204,0.666064583,0.427848276,0.987899002,0.320763887,0.654081229
g298,0.030333034,0.249932677,0.957655601,0.300076132,0.491713913,0.876659391,0.657723919,0.507489646,0.340510236,0.279454553,0.430576848,0.742104153
g299,0.972307207,0.232215917,0.823608118,0.541089483,0.431464602,0.9209569,0.648427509,0.284598349,0.24391488,0.449480329,0.178517134,0.971994086
g300,0.244495117,0.946800226,0.40929358,0.626165714,0.455022303,0.776597346,0.090377869,0.793420461,0.557403167,0.567673299,0.706401311,0.231561396
