t0,t1,t2,t3,t4,t5,t6,t7,t8,t9,t10
g1,0.096600702,0.436818822,0.098362644,0.743413776,0.926158183,0.778919905,0.619263823,0.461748824,0.441736359,0.334347853
g2,0.250295524,0.687766402,0.084239605,0.596056503,0.496888562,0.356267012,0.60236337,0.361656149,0.211469779,0.350077994
g3,0.011949625,0.432921371,0.283706539,0.858300297,0.660712225,0.430014442,0.820473388,0.377050017,0.020106767,0.522694114
g4,0.766639971,0.766473567,0.08293435,0.247415579,0.517586113,0.974156552,0.971832131,0.501888315,0.452825619,0.218351571
g5,0.1601923,0.243729688,0.434709931,0.430805229,0.197911906,0.235378547,0.627406668,0.423254326,0.906187699,0.148853357
g6,0.194589066,0.469923275,0.012882148,0.956618568,0.525989983,0.378320772,0.506763723,0.686750207,0.463428507,0.020367391
g7,0.460656493,0.450275656,0.655258675,0.658864335,0.723198023,0.096847337,0.949559814,0.169159495,0.180349276,0.206322864
g8,0.571863608,0.489191996,0.939122116,0.502670274,0.995501366,0.864644601,0.480296694,0.816368174,0.379472582,0.726107327
g9,0.529754667,0.395631225,0.052432498,0.851142479,0.598134957,0.35948197,0.512762761,0.085702693,0.753168328,0.34190517
g10,0.635293274,0.173882739,0.614198189,0.174412063,0.809194582,0.6225261,0.662190211,0.360648332,0.318138403,0.005551474
g11,0.457396922,0.950608439,0.15404063,0.337597883,0.111969302,0.868905203,0.151909942,0.370629023,0.257713092,0.575862539
g12,0.048155793,0.456776912,0.069939932,0.178649938,0.276981818,0.946284217,0.364900417,0.448391513,0.764946362,0.183785478
g13,0.515244559,0.5869881,0.892016493,0.543899249,0.768661001,0.696555393,0.983584059,0.883565263,0.795744135,0.490134349
g14,0.357360977,0.274871414,0.737981868,0.963012602,0.516381323,0.891508652,0.25867686,0.457533388,0.676805873,0.818169558
g15,0.350962013,0.649858633,0.850591784,0.300925952,0.589262976,0.238168258,0.515598265,0.529192756,0.998861529,0.523624959
g16,0.321562641,0.494024285,0.07698465,0.359741035,0.834358483,0.832842838,0.522719936,0.227336997,0.353793934,0.912368732
g17,0.086551417,0.296035798,0.792033303,0.009216535,0.203200266,0.558716611,0.012160562,0.69850811,0.985642967,0.241125368
g18,0.231893628,0.248307424,0.34444142,0.849413452,0.835202589,0.940019677,0.042006389,0.783986674,0.487279958,0.573723979
g19,0.515800189,0.098458942,0.292050116,0.918529751,0.233797147,0.220577531,0.727153039,0.462163156,0.184515647,0.055663888
g20,0.819796997,0.652739959,0.249493358,0.501510992,0.230726522,0.075641153,0.353218549,0.780645074,0.980081757,0.483264868
g21,0.190099495,0.031011724,0.07781596,0.412395668,0.067040619,0.628755468,0.16588158,0.116085265,0.218789715,0.840986431
g22,0.230691714,0.712945343,0.326123915,0.301024171,0.205398831,0.899925954,0.807708222,0.245204451,0.980923089,0.251340261
g23,0.136778213,0.594179331,0.36673667,0.935634145,0.414182982,0.880149787,0.639832958,0.149526511,0.856160411,0.1857182
g24,0.05719229,0.79403363,0.635739137,0.68282869,0.307982417,0.557129407,0.16380521,0.008776986,0.812083325,0.533256225
g25,0.238933907,0.75631342,0.190595484,0.095010524,0.656139088,0.271727143,0.403327469,0.847372861,0.078288438,0.538875453
g26,0.320939297,0.056685691,0.927504405,0.646705203,0.756394341,0.50038715,0.135642214,0.563975926,0.608330233,0.425842017
g27,0.869181302,0.199505502,0.6023484,0.690564248,0.185609303,0.105100771,0.820047458,0.404611155,0.399325945,0.07809281
g28,0.974444705,0.746618991,0.754564399,0.964473288,0.083884856,0.53921973,0.698738644,0.401495198,0.084995223,0.684124252
g29,0.515272425,0.646891674,0.547793667,0.780382608,0.090231436,0.83904344,0.843417906,0.528933822,0.817691955,0.320255412
g30,0.781418849,0.251490241,0.81806589,0.647749944,0.816899595,0.698433883,0.338694807,0.639585414,0.030428779,0.775355544
g31,0.156139363,0.607340592,0.657464594,0.375375762,0.477645318,0.090440267,0.352709798,0.510142509,0.647349167,0.952863981
g32,0.763664457,0.98533114,0.509115866,0.713465732,0.95627845,0.438601895,0.343589875,0.504834798,0.955892302,0.78167929
g33,0.552161219,0.181894283,0.40526464,0.792294245,0.589332269,0.110533446,0.641171663,0.129171378,0.081369136,0.786892884
g34,0.937611776,0.3446789,0.417102285,0.41817715,0.167921593,0.542319323,0.759862521,0.527920704,0.723405406,0.53182986
g35,0.970034387,0.600124628,0.634473209,0.701901864,0.518725395,0.358250994,0.740995767,0.26758097,0.297117731,0.540916791
g36,0.344242163,0.955018521,0.605108367,0.648743648,0.623580874,0.238626846,0.070301054,0.42249877,0.337280214,0.917562208
g37,0.276842185,0.909248277,0.169264206,0.499613147,0.922639684,0.608964802,0.379753916,0.25409601,0.384375115,0.518735667
g38,0.181102311,0.662582173,0.082752018,0.448815399,0.851886782,0.118798994,0.41202359,0.683903429,0.938136904,0.40382018
g39,0.010052193,0.318038142,0.821875755,0.077621552,0.666795323,0.920812027,0.522861215,0.333842797,0.4106015,0.30749989
g40,0.068538639,0.092282261,0.912649527,0.066185298,0.276411557,0.616549481,0.032841136,0.654605878,0.336398084,0.091795486
g41,0.167825176,0.678542341,0.63539491,0.074127692,0.583161214,0.870051612,0.142073803,0.987317979,0.286973391,0.580096275
g42,0.747043465,0.536249484,0.041046829,0.624556144,0.826553301,0.967006907,0.3524547,0.61789852,0.373912377,0.521305659
g43,0.892940807,0.552627126,0.111684165,0.852836522,0.230266422,0.689015739,0.89248376,0.23871944,0.752404538,0.420078903
g44,0.310534649,0.237307311,0.527746464,0.095630033,0.236113326,0.833453128,0.059616107,0.255351748,0.753912912,0.059291155
g45,0.44661518,0.742654402,0.289085174,0.140406319,0.567866853,0.128846748,0.21794227,0.828955699,0.379741432,0.514836524
g46,0.357146216,0.270483102,0.901413073,0.389106477,0.046002273,0.150363077,0.630306878,0.298700541,0.396908891,0.09291299
g47,0.006789744,0.676921607,0.325698094,0.131082425,0.77582652,0.446135842,0.558956507,0.710815056,0.40601374,0.12302916
g48,0.921144947,0.671171049,0.228382406,0.542110734,0.459220088,0.187790765,0.339911688,0.940678237,0.345802885,0.191856836
g49,0.268824513,0.886286007,0.251317522,0.761762464,0.92755352,0.298485482,0.180101736,0.296543641,0.300478399,0.77548409
g50,0.391022304,0.863831797,0.828877688,0.03891938,0.934293789,0.485229852,0.899711904,0.890876446,0.91127018,0.847223813
g51,0.314881743,0.787982457,0.95033957,0.798854698,0.606423302,0.164381964,0.570858374,0.885953636,0.791941407,0.418253016
g52,0.897060115,0.03879288,0.683816656,0.958033327,0.286699345,0.76262172,0.669069856,0.358796723,0.851901632,0.794892252
g53,0.678727308,0.311454035,0.719827424,0.089368498,0.84548867,0.951298092,0.220814541,0.813490864,0.793893337,0.022999645
g54,0.186394353,0.320986502,0.866837477,0.626265788,0.541026343,0.685208861,0.644384932,0.448486514,0.6020136,0.021884888
g55,0.781151548,0.110170783,0.870634012,0.787647352,0.776925737,0.721356263,0.897201873,0.51116612,0.46839754,0.199719747
g56,0.410371114,0.670802337,0.916502716,0.949231737,0.763476062,0.161776091,0.693616219,0.554946633,0.492614554,0.904207316
g57,0.391845572,0.403146201,0.760383614,0.385639036,0.793280257,0.586948161,0.414317779,0.318672117,0.989360697,0.19688774
g58,0.875052775,0.081235573,0.35905849,0.549688571,0.223300343,0.771745863,0.046071009,0.548460896,0.022735331,0.84688308
g59,0.485229242,0.4532375,0.434935276,0.193917627,0.121661612,0.330667329,0.363221144,0.360984594,0.779052045,0.960472856
g60,0.924007153,0.169499439,0.78699162,0.163596389,0.875945995,0.617837602,0.448474006,0.341944809,0.475837066,0.384630523
g61,0.585170373,0.133228993,0.488099268,0.3030006,0.428424205,0.312925925,0.924890442,0.818401096,0.522629125,0.42691574
g62,0.1282686,0.761189281,0.70150984,0.726444551,0.726681199,0.059368823,0.232484904,0.633717935,0.430798374,0.235669395
g63,0.014243468,0.935276632,0.119551643,0.541495719,0.644354764,0.875221478,0.046391948,0.868462846,0.570260465,0.050873657
g64,0.747154472,0.371019445,0.868991568,0.11719781,0.80052679,0.905397012,0.406627325,0.184403442,0.626609292,0.887572633
g65,0.667700897,0.021940595,0.292909854,0.081610287,0.986471774,0.563080162,0.460173814,0.997405896,0.726640705,0.029696881
g66,0.726352219,0.67059208,0.69111843,0.105899567,0.95044441,0.054339711,0.448800879,0.7445635,0.551059143,0.059795731
g67,0.115251086,0.325428583,0.680474457,0.078867423,0.726911546,0.525892919,0.713322775,0.090968731,0.406696772,0.566839625
g68,0.287471232,0.720300316,0.58098017,0.477039143,0.952381564,0.516494649,0.7251102,0.883893677,0.304580231,0.334280924
g69,0.265749955,0.673269206,0.745528766,0.678970639,0.663235732,0.02495914,0.169031265,0.027791006,0.451179642,0.156113442
g70,0.419372164,0.590910728,0.807089922,0.392398472,0.732722586,0.687985178,0.720774892,0.823906316,0.035356316,0.293305208
g71,0.529474014,0.583617755,0.021138312,0.220629495,0.111284294,0.307241872,0.621918631,0.717520013,0.214376454,0.881210883
g72,0.915930039,0.315044498,0.348093547,0.623509382,0.295072701,0.243928148,0.963985701,0.330043322,0.609023782,0.221399357
g73,0.420707638,0.789932681,0.180667181,0.917848089,0.482615922,0.809290797,0.416792899,0.521980069,0.907447467,0.357409519
g74,0.221345392,0.895937154,0.626668679,0.533168126,0.173616825,0.400583609,0.25674097,0.368382714,0.83155382,0.518827123
g75,0.890590462,0.554978658,0.269290659,0.032627978,0.659227708,0.80447774,0.485177426,0.046219902,0.006838282,0.435342215
g76,0.876583005,0.091553607,0.672906474,0.008418122,0.31944834,0.533144551,0.935446028,0.911083445,0.229935805,0.181525623
g77,0.066104767,0.624916312,0.075184011,0.187672179,0.615677196,0.998927419,0.270789833,0.719249601,0.915458704,0.097374238
g78,0.176903882,0.379622598,0.817994597,0.368860727,0.618238876,0.63516791,0.990525117,0.158964815,0.281012338,0.917570252
g79,0.585010027,0.509738805,0.478744911,0.614396935,0.022483742,0.243136484,0.555236549,0.087916893,0.597406438,0.129776499
g80,0.257654793,0.936189599,0.29264301,0.006813005,0.343012001,0.738091184,0.089981025,0.695972847,0.81234151,0.564092159
g81,0.627520026,0.899335283,0.405981967,0.006158363,0.026681493,0.769592269,0.346261295,0.760959621,0.364571146,0.374379218
g82,0.59973428,0.98492659,0.510477462,0.967319392,0.16842093,0.108166857,0.482407527,0.875765661,0.871670518,0.702961022
g83,0.219684357,0.564444161,0.853626987,0.116270874,0.528955302,0.358570442,0.7227576,0.259819267,0.774930393,0.169943299
g84,0.511455299,0.239634032,0.141314742,0.943718037,0.572178427,0.115650713,0.27066664,0.083178528,0.69768765,0.204424167
g85,0.088827666,0.366420743,0.288693808,0.742452076,0.395946144,0.532580355,0.1398493,0.068137449,0.310525279,0.306168213
g86,0.047110966,0.552763929,0.696852249,0.658620188,0.63618238,0.433803426,0.491832632,0.260648242,0.122466895,0.73278316
g87,0.329891619,0.533708153,0.458025892,0.584021528,0.27309701,0.575078499,0.291936453,0.815284605,0.897043474,0.257585775
g88,0.661860593,0.082489892,0.667632674,0.059003322,0.078982926,0.605105893,0.205936377,0.260184241,0.135045303,0.590013532
g89,0.921477166,0.331348944,0.048500587,0.779069173,0.24614848,0.473277272,0.258188364,0.293252183,0.318019321,0.989067776
g90,0.135900379,0.186013383,0.276549797,0.479559872,0.721339613,0.854210604,0.019113487,0.079872534,0.765559311,0.069220364
g91,0.72803218,0.999536432,0.55300359,0.075284823,0.813134339,0.532374611,0.877433699,0.45798179,0.781022605,0.549953244
g92,0.809906053,0.441833207,0.896346211,0.387006139,0.150743773,0.23522942,0.062150222,0.556512901,0.502921182,0.153221871
g93,0.558428962,0.403419145,0.309788581,0.632761584,0.072683259,0.669607382,0.957794136,0.549109094,0.141376591,0.26073268
g94,0.190462847,0.378842672,0.361609323,0.224582717,0.352041466,0.911797692,0.857318848,0.151957345,0.799234402,0.806936504
g95,0.995758578,0.433924386,0.117840166,0.157012576,0.219230913,0.400812843,0.455915153,0.686542149,0.613946583,0.923993129
g96,0.696223696,0.068041437,0.62871615,0.176517697,0.637376922,0.399973861,0.809837105,0.437467209,0.476466207,0.407952299
g97,0.960314576,0.883534137,0.23364975,0.891524049,0.321802003,0.369996757,0.851377011,0.742861958,0.279001286,0.907883881
g98,0.491149937,0.569159966,0.466603027,0.644857748,0.992529686,0.886112757,0.078404044,0.833323519,0.523098419,0.161064949
g99,0.665000332,0.108748299,0.554477284,0.853674529,0.765688857,0.12760759,0.0224146,0.528929513,0.920395664,0.849633667
g100,0.479422967,0.775594008,0.760333562,0.133500415,0.721968397,0.14410816,0.915988508,0.68692352,0.59821096,0.87488549
g101,0.620262758,0.234497024,0.638166921,0.826012516,0.007005669,0.654135367,0.423157188,0.676891287,0.449634071,0.289405723
g102,0.500963346,0.007387186,0.531295058,0.126017359,0.905468154,0.949353653,0.591948448,0.991512809,0.056029836,0.864621042
g103,0.719720169,0.910008333,0.213790315,0.469984411,0.646105292,0.041541658,0.300236687,0.301573468,0.496658705,0.444654798
g104,0.960555566,0.002232446,0.382850431,0.879178075,0.926471071,0.716764892,0.636538732,0.05022206,0.938841745,0.592959487
g105,0.154653889,0.945205406,0.740507042,0.021271787,0.471026011,0.634674974,0.674418707,0.933079153,0.853821457,0.446369633
g106,0.877832173,0.756162998,0.367679503,0.837241455,0.317063391,0.517163011,0.455528477,0.27910263,0.799987131,0.41310946
g107,0.258712326,0.102312892,0.15371649,0.165275079,0.189069062,0.993585593,0.149201361,0.279082888,0.920790091,0.647056867
g108,0.293972609,0.490251026,0.846408313,0.894868087,0.969147836,0.038352671,0.304701115,0.066276391,0.309602106,0.016059967
g109,0.736384238,0.152832846,0.847314028,0.55704229,0.384019787,0.5771186,0.875193784,0.440893121,0.235719691,0.329939355
g110,0.545931882,0.289684586,0.530472765,0.771746089,0.653082579,0.142734672,0.072029668,0.292845082,0.869038691,0.967748088
g111,0.726354244,0.632964685,0.469553497,0.43068354,0.462182029,0.028315283,0.32804,0.506597528,0.443327077,0.767689671
g112,0.788937422,0.995909958,0.685631621,0.486529644,0.427196717,0.970811469,0.744760243,0.904226105,0.605903217,0.250569971
g113,0.185044197,0.204428644,0.294647691,0.319813276,0.109784531,0.358875604,0.860037092,0.75677377,0.205984071,0.583453766
g114,0.921238484,0.037937741,0.603337014,0.194210717,0.398931184,0.137442931,0.931694621,0.343345447,0.721392204,0.905411912
g115,0.129918516,0.207122163,0.547186745,0.222332914,0.367724323,0.95032414,0.366325724,0.587470027,0.794629338,0.685240674
g116,0.435308222,0.211930164,0.264536044,0.429584226,0.548803157,0.779761538,0.139864915,0.527065967,0.815272813,0.467997657
g117,0.559848458,0.488004687,0.040396818,0.926421315,0.438963268,0.889837878,0.608801018,0.344029831,0.248867266,0.223455015
g118,0.853262995,0.966177788,0.920029545,0.404919585,0.403079545,0.03898113,0.347468277,0.037584961,0.268958044,0.552526462
g119,0.981340877,0.42057005,0.693539676,0.251626405,0.504332724,0.141306621,0.392752001,0.230764457,0.244773308,0.872928438
g120,0.998149851,0.199356038,0.240296269,0.900339436,0.883203844,0.893520063,0.011602187,0.164167021,0.487405451,0.601395398
g121,0.962093342,0.576162845,0.285732108,0.071887994,0.16688786,0.109212642,0.914926442,0.90808233,0.619743205,0.201199641
g122,0.607758978,0.739009195,0.115654068,0.220463036,0.370722575,0.234470085,0.020790467,0.483067993,0.406983497,0.545519134
g123,0.264299333,0.914249676,0.140432566,0.382841258,0.002694187,0.608062249,0.704618531,0.110846023,0.702004802,0.755349928
g124,0.001418233,0.044932053,0.472408173,0.215225358,0.308698915,0.492087992,0.849953679,0.089778208,0.644667954,0.261212699
g125,0.051059956,0.098183308,0.145991676,0.952664935,0.236292395,0.778745171,0.648583425,0.137420872,0.628518496,0.389542669
g126,0.548135814,0.288496516,0.208925372,0.775207998,0.468573473,0.961680244,0.620230569,0.233822209,0.380035724,0.784021636
g127,0.460114727,0.469384212,0.057634999,0.070716985,0.640094744,0.480844727,0.676635604,0.757745632,0.392504877,0.356859865
g128,0.353388366,0.041377773,0.419794829,0.083908916,0.087320992,0.859192858,0.268122765,0.29223704,0.71641578,0.588238733
g129,0.246880926,0.407923408,0.057537393,0.504195009,0.525163453,0.785474154,0.11289469,0.288616785,0.666776256,0.276018442
g130,0.132495016,0.303338402,0.824428876,0.484058735,0.526053817,0.252108142,0.025074536,0.453538644,0.244262156,0.248356212
g131,0.282801077,0.289804479,0.494690725,0.724637522,0.279952177,0.59732892,0.216715333,0.371765563,0.668939244,0.169864867
g132,0.894162315,0.941859075,0.985293235,0.780465994,0.692991587,0.69883228,0.411589111,0.197146126,0.962137643,0.724686565
g133,0.512810946,0.891622836,0.951079592,0.056178553,0.392159063,0.909283791,0.650462821,0.088752141,0.146747163,0.376406947
g134,0.635532548,0.373937101,0.605545555,0.900011419,0.748261318,0.023359017,0.008563949,0.480427195,0.384657618,0.198912433
g135,0.706067665,0.104374156,0.648553509,0.03911947,0.464023797,0.984547269,0.42841104,0.46091824,0.769290328,0.61549893
g136,0.491773816,0.626922538,0.536388569,0.505851243,0.438320553,0.590766589,0.281423128,0.92207506,0.82587647,0.445305335
g137,0.379171078,0.720616625,0.642043794,0.663415134,0.496214129,0.920970631,0.375482334,0.55373448,0.378571868,0.223440694
g138,0.421174706,0.355669287,0.755301608,0.540707291,0.769095999,0.120022821,0.707746486,0.225747984,0.917800528,0.020044382
g139,0.971911774,0.338260993,0.616733478,0.680246112,0.189912318,0.571284792,0.941286512,0.7162362,0.173808487,0.085153249
g140,0.770556959,0.340689954,0.167750222,0.455142979,0.687479108,0.432666048,0.193307884,0.864888076,0.902281089,0.30422775
g141,0.712922403,0.201342974,0.019796966,0.697057535,0.933578215,0.13374276,0.106513601,0.760007017,0.295102987,0.882197814
g142,0.254209348,0.949942056,0.354769607,0.0974257,0.546873115,0.358644816,0.797551947,0.778387413,0.165226124,0.020500445
g143,0.602162102,0.956186389,0.096510485,0.33999252,0.245136197,0.728134898,0.509433704,0.305144076,0.006597992,0.339044262
g144,0.361673664,0.434336464,0.748609468,0.072668722,0.998782531,0.859997685,0.541242864,0.198212076,0.666328007,0.404657254
g145,0.455000795,0.935625355,0.878484788,0.915323829,0.494915605,0.07999064,0.103126127,0.907278908,0.932330182,0.226631511
g146,0.321116756,0.466187493,0.175130813,0.931774347,0.017740265,0.286802036,0.961498702,0.086450569,0.940619254,0.507909851
g147,0.515286557,0.814333263,0.39714459,0.671329735,0.489890459,0.757261302,0.556199801,0.328980614,0.08772247,0.55684464
g148,0.158341233,0.929682957,0.189927532,0.152207197,0.397874,0.090288121,0.673743825,0.860528712,0.930188682,0.690372768
g149,0.97080081,0.268003887,0.111809321,0.115507709,0.121477695,0.264391567,0.136810951,0.365135806,0.946192803,0.731098064
g150,0.262943663,0.848572112,0.737696541,0.047360946,0.612016785,0.374962329,0.89440642,0.847371242,0.550142898,0.844347301
g151,0.25350877,0.146498915,0.019772663,0.634564722,0.475999431,0.744951189,0.849956982,0.292015652,0.483332897,0.668281019
g152,0.756746589,0.328173165,0.248851511,0.765376801,0.260973287,0.216600975,0.655121843,0.808858344,0.929387134,0.8717873
g153,0.119286305,0.367460122,0.331816331,0.626012894,0.340988732,0.537942001,0.722374123,0.072414864,0.820366491,0.237547019
g154,0.576910229,0.591779912,0.579611054,0.963560249,0.143814977,0.872943101,0.163926869,0.924532097,0.158006083,0.892995859
g155,0.045971572,0.29553609,0.399830973,0.674279592,0.738447147,0.59540356,0.893278789,0.746762917,0.562352939,0.964407785
g156,0.600387049,0.154282606,0.423116558,0.015167442,0.106412269,0.405170347,0.058905144,0.384818323,0.453212896,0.310645009
g157,0.406580169,0.677410037,0.82080938,0.284294621,0.885662455,0.092600556,0.010666052,0.243008661,0.928967222,0.872669777
g158,0.673191516,0.57302157,0.797447445,0.43876273,0.398602475,0.328813115,0.437222948,0.170173259,0.559411717,0.379954346
g159,0.028895708,0.571216869,0.73132612,0.22559577,0.594338007,0.896249968,0.179968214,0.27017098,0.641545105,0.656158486
g160,0.843775191,0.349765208,0.769750047,0.397017256,0.832386423,0.246205879,0.105202312,0.106547698,0.758102344,0.274366485
g161,0.611551742,0.150456993,0.195842094,0.299902184,0.39254799,0.852462118,0.784156202,0.485549464,0.492088087,0.192688465
g162,0.147420134,0.632388003,0.141708715,0.889125661,0.398560206,0.790959109,0.031432866,0.187370575,0.50035418,0.308608506
g163,0.632681694,0.638015407,0.134602282,0.717724196,0.814125474,0.677562026,0.328081947,0.78415451,0.812705437,0.177763442
g164,0.279352222,0.628029163,0.482626174,0.336010948,0.909530656,0.613926384,0.810225284,0.989027712,0.31441268,0.780256001
g165,0.485679518,0.802186462,0.250461851,0.045920348,0.395869029,0.3185446,0.321063821,0.385977169,0.39179559,0.640564361
g166,0.752998013,0.725326864,0.426904208,0.776372139,0.604209522,0.037358162,0.985344824,0.691619979,0.764710404,0.885709624
g167,0.404762413,0.857605175,0.518925554,0.380149671,0.187385845,0.669563728,0.820332589,0.223526692,0.641844153,0.836389081
g168,0.811544655,0.069952179,0.357470396,0.838294899,0.690658891,0.877807997,0.601766335,0.651152887,0.761016605,0.285897522
g169,0.551638227,0.574770949,0.837250212,0.241199133,0.970340105,0.876906726,0.835111121,0.839642648,0.605320536,0.234013831
g170,0.026916877,0.279992842,0.582148761,0.995294685,0.965988705,0.088504605,0.940513997,0.472419586,0.778739652,0.98769285
g171,0.006453364,0.697054092,0.259775638,0.65934495,0.768815514,0.457495046,0.315388938,0.155227196,0.795711579,0.167863862
g172,0.156732417,0.019643238,0.093571874,0.004911363,0.126100844,0.244029931,0.941716923,0.227941287,0.247559932,0.786029366
g173,0.037963361,0.071515902,0.222064899,0.802727674,0.976737909,0.062776647,0.713645711,0.366695597,0.945500193,0.26634475
g174,0.934616318,0.877060733,0.45147863,0.326708779,0.750734473,0.604211729,0.780731603,0.945897515,0.784583896,0.31469909
g175,0.536802086,0.005782457,0.573660151,0.571322545,0.007889305,0.668824867,0.432282864,0.916291961,0.560168597,0.062742182
g176,0.775806975,0.459566971,0.466452313,0.700954557,0.921057846,0.585560662,0.564977773,0.989255848,0.725560301,0.876982396
g177,0.514836628,0.410987469,0.479570683,0.996394833,0.64063903,0.546914248,0.678030149,0.108597553,0.088753438,0.656699599
g178,0.405839637,0.346622421,0.935424903,0.082184139,0.845060869,0.266671496,0.090091675,0.315413971,0.803391791,0.497284748
g179,0.836340013,0.704055256,0.457923241,0.248630045,0.9570823,0.656353252,0.082923505,0.453650649,0.652470568,0.531391813
g180,0.565375391,0.454288729,0.065010405,0.633505492,0.801245147,0.355328648,0.379823964,0.340812923,0.995801599,0.405113517
g181,0.778369351,0.464665582,0.269447635,0.072396143,0.774316323,0.549674561,0.296495485,0.152663559,0.531276763,0.464115454
g182,0.076984753,0.45720199,0.78903327,0.113245263,0.664826308,0.422480452,0.55695226,0.640334399,0.881417516,0.20095298
g183,0.131246468,0.854364595,0.987080967,0.795429516,0.65795319,0.39388778,0.173312415,0.172998597,0.707510765,0.327673299
g184,0.648721473,0.948252429,0.336939858,0.149673029,0.420285458,0.991970969,0.248891174,0.144175301,0.917908105,0.180836566
g185,0.418240294,0.692667738,0.24055716,0.347328056,0.988232044,0.426044228,0.673463278,0.782026791,0.830224549,0.377475199
g186,0.615477776,0.296979605,0.81483298,0.758897499,0.56898659,0.644395603,0.717410496,0.512988156,0.200702885,0.459191105
g187,0.271307659,0.508609591,0.790950402,0.604647582,0.331125733,0.465917437,0.496958535,0.137458896,0.090037286,0.163029713
g188,0.350622516,0.277992275,0.885558289,0.57485447,0.336677442,0.153581629,0.114247917,0.838005249,0.308779429,0.46275735
g189,0.017025454,0.051232777,0.114077856,0.06920613,0.751792824,0.831033223,0.424132757,0.007304965,0.69699783,0.825625832
g190,0.219223964,0.235486148,0.560253248,0.796022583,0.896692166,0.378163653,0.358259364,0.189556297,0.201628092,0.785277094
g191,0.502034189,0.107141154,0.530379471,0.014947821,0.657471326,0.240180784,0.820048066,0.372029009,0.031678801,0.026841798
g192,0.844129923,0.482105215,0.118920655,0.744418881,0.071999613,0.522263185,0.833058328,0.466784737,0.534225242,0.319607828
g193,0.1974157,0.345911896,0.108300552,0.235786732,0.451483276,0.951151944,0.809211102,0.023202665,0.320705003,0.74860215
g194,0.728864333,0.441180023,0.755145293,0.901515565,0.127028199,0.301265538,0.633891716,0.520370242,0.442870324,0.591835878
g195,0.824645863,0.42126906,0.2742675,0.004907861,0.758927883,0.361749791,0.870714096,0.424782561,0.006868895,0.672238091
g196,0.212526671,0.878737725,0.266603423,0.234771966,0.188212945,0.99562758,0.604515849,0.20786411,0.26614913,0.364159334
g197,0.026098564,0.612943529,0.020435021,0.672367941,0.444795551,0.084120093,0.232262299,0.702543713,0.590713091,0.783356067
g198,0.256345516,0.009518328,0.54856934,0.921721317,0.209460709,0.665919055,0.018208708,0.433822706,0.780175189,0.64384119
g199,0.686699241,0.444108906,0.577472811,0.679949991,0.311313444,0.263581855,0.570094566,0.223627028,0.649039143,0.484282951
g200,0.92041542,0.602391866,0.945358131,0.296092541,0.689394764,0.754346182,0.072219488,0.778603419,0.960827702,0.287129688
g201,0.973452687,0.11676027,0.544106172,0.982683977,0.945445238,0.656952173,0.038533116,0.405885028,0.727627751,0.363079796
g202,0.02944955,0.016388888,0.739861089,0.589103692,0.922881998,0.102950549,0.586678654,0.093890271,0.764525243,0.680057137
g203,0.633725819,0.989346708,0.742303293,0.031487045,0.267228438,0.017422044,0.48485481,0.397012727,0.575389667,0.621156039
g204,0.371472385,0.134458202,0.128720615,0.713656434,0.881775012,0.678522943,0.849016113,0.325542201,0.691851488,0.576402445
g205,0.100337496,0.625339231,0.61629832,0.167517086,0.079538805,0.940616458,0.230496379,0.700547953,0.045548966,0.184475183
g206,0.941670914,0.54284817,0.556337578,0.750826485,0.929953248,0.62039171,0.612148998,0.383762212,0.269120625,0.180573599
g207,0.964913775,0.458859471,0.930449293,0.048856562,0.850852786,0.054715445,0.858495669,0.565974124,0.902844438,0.816581069
g208,0.45589373,0.545310328,0.849540047,0.292971148,0.076749507,0.750458064,0.154573554,0.368544579,0.118136582,0.429179348
g209,0.822537311,0.230988351,0.834749173,0.276060542,0.661147451,0.050421062,0.000741402,0.325991905,0.90851732,0.101809176
g210,0.568854488,0.482613072,0.925432179,0.226228548,0.293771797,0.331872285,0.628248045,0.477134791,0.52252804,0.874234565
g211,0.43725506,0.168093462,0.861028023,0.485753733,0.969355616,0.609908779,0.284930675,0.872795177,0.926118364,0.144218406
g212,0.002181638,0.473678119,0.633487555,0.650804431,0.53439548,0.442230612,0.703013744,0.574662383,0.167039644,0.991326332
g213,0.831175513,0.798761652,0.68903959,0.35913703,0.147465693,0.086752844,0.858612005,0.496233596,0.010013198,0.856426323
g214,0.124704361,0.234272702,0.292540253,0.254897799,0.019087738,0.990607953,0.488223172,0.477013716,0.084024682,0.222612256
g215,0.990378492,0.619140616,0.788392063,0.71510388,0.482247652,0.713511449,0.455110578,0.725719476,0.82778883,0.417603627
g216,0.335237092,0.705762472,0.504430843,0.996944083,0.061854182,0.641880183,0.865599527,0.743842006,0.151616778,0.246888879
g217,0.947323293,0.063457686,0.847213722,0.771810093,0.818102361,0.979125372,0.690232243,0.532958763,0.164157243,0.90189596
g218,0.14283863,0.182601334,0.143092148,0.397481515,0.083740048,0.479835822,0.322349422,0.402876557,0.397398995,0.737738759
g219,0.890208019,0.282320569,0.042053784,0.279583286,0.42553542,0.231633206,0.09266374,0.644056732,0.660056075,0.379480133
g220,0.302687075,0.877631974,0.35762033,0.587513667,0.399111639,0.611915809,0.980071125,0.517420919,0.664193434,0.672509649
g221,0.465315901,0.717089673,0.75375109,0.715052989,0.605678962,0.408050946,0.573164811,0.262276094,0.175642745,0.521931652
g222,0.325396326,0.613795834,0.214863041,0.742096053,0.339355631,0.061579119,0.677629558,0.841949118,0.125966021,0.824683892
g223,0.782105908,0.78760486,0.52716612,0.151674496,0.948913878,0.639002576,0.99129034,0.803222783,0.627628534,0.894247782
g224,0.544153629,0.35107741,0.098651783,0.410054993,0.987470188,0.74060651,0.504252358,0.478162513,0.963586575,0.00054008
g225,0.743550054,0.053624859,0.340574936,0.754733549,0.604651458,0.567256244,0.796796296,0.719057659,0.759047791,0.571237743
g226,0.940273348,0.83281597,0.861572039,0.069625251,0.831382847,0.391993798,0.819963465,0.605646312,0.939296171,0.666739412
g227,0.977898246,0.751323261,0.232479574,0.040533622,0.284636804,0.475441479,0.421798289,0.59732091,0.190205406,0.848002141
g228,0.941579538,0.49592826,0.507400705,0.131672016,0.915819032,0.7955103,0.973407927,0.351575941,0.267621626,0.880593952
g229,0.77459369,0.889696436,0.223803066,0.282700845,0.554301004,0.411828844,0.297933848,0.987451447,0.445887518,0.976931327
g230,0.247951926,0.442056261,0.601945256,0.622187492,0.570547621,0.624366132,0.448625054,0.490271527,0.661990809,0.245953934
g231,0.306863121,0.040248946,0.178224206,0.513043082,0.80002915,0.401052612,0.018720763,0.204985222,0.836857497,0.657377651
g232,0.133269981,0.232266779,0.035267166,0.592189168,0.079413486,0.242490489,0.845595697,0.262047867,0.499098336,0.355324113
g233,0.305931751,0.5012263,0.948519851,0.741761598,0.07678765,0.736158378,0.862643062,0.170207828,0.833131873,0.051606587
g234,0.764750955,0.501324677,0.667723432,0.247850781,0.484579096,0.191696491,0.50054769,0.363089148,0.570377872,0.72704975
g235,0.917668652,0.286870713,0.129221887,0.49917727,0.233591522,0.22541538,0.235208377,0.959963304,0.25458297,0.677678456
g236,0.056179727,0.403806119,0.809588354,0.720980858,0.816581326,0.962087291,0.053550774,0.703030067,0.262259108,0.528788878
g237,0.891388288,0.714534667,0.091679864,0.599529071,0.030134464,0.9285218,0.03989661,0.537012913,0.709024312,0.088539693
g238,0.43961176,0.542621843,0.639193689,0.387659793,0.807878112,0.179416593,0.571443691,0.394412807,0.889236679,0.033024565
g239,0.369405013,0.023265914,0.920966897,0.144016049,0.859766829,0.877998635,0.905412457,0.277891277,0.086143764,0.439804377
g240,0.545014403,0.484688317,0.860713303,0.586960576,0.996974292,0.017936803,0.677004362,0.02520941,0.50700227,0.786867861
g241,0.54500182,0.341956507,0.522435078,0.022910767,0.202368918,0.417361647,0.176071645,0.05659635,0.236465347,0.462944275
g242,0.265340973,0.019554209,0.400893886,0.183460123,0.9767374,0.532934536,0.993034118,0.29784053,0.801730471,0.014850937
g243,0.125055544,0.211293079,0.132914487,0.572473224,0.602157489,0.582745973,0.556726632,0.984047424,0.602818552,0.32357734
g244,0.337350006,0.521742417,0.065605537,0.72176768,0.819723568,0.780505551,0.218814742,0.190558164,0.490940066,0.540186711
g245,0.963179034,0.297184961,0.74736701,0.196085899,0.809534369,0.83163701,0.142382066,0.42511032,0.125408994,0.852846081
g246,0.530383216,0.656572657,0.646734327,0.723744926,0.576520973,0.080893357,0.05066882,0.888427586,0.975278157,0.13023271
g247,0.289595533,0.99935801,0.025124,0.158316569,0.696033233,0.561546663,0.18638294,0.429821519,0.769832199,0.424085223
g248,0.351235614,0.153660463,0.140826991,0.898637176,0.149822161,0.253059541,0.77094431,0.103074794,0.777351179,0.633729876
g249,0.079500679,0.39346928,0.256623331,0.350184177,0.255057218,0.470723043,0.7547208,0.534655071,0.723279462,0.649995114
g250,0.26802721,0.01155027,0.753360443,0.00769011,0.444092844,0.360007442,0.004711091,0.003675611,0.628609305,0.577843546
g251,0.209650114,0.288898879,0.292577431,0.541261556,0.609788702,0.651164643,0.664327217,0.060802211,0.858553621,0.204263689
g252,0.623380454,0.490406997,0.918121173,0.285375661,0.885682444,0.713277119,0.675750992,0.920675987,0.364795631,0.622844337
g253,0.553867174,0.282071081,0.017674808,0.185559641,0.761627904,0.127393953,0.684073071,0.260748083,0.557002449,0.529010453
g254,0.627980007,0.326037376,0.345217614,0.356576756,0.124803065,0.532451959,0.457099654,0.450215279,0.606117413,0.38804923
g255,0.624072565,0.822793424,0.001458299,0.590277825,0.371739447,0.808114295,0.296247785,0.127857936,0.900625765,0.862783259
g256,0.952066577,0.167310655,0.696457932,0.922844236,0.546019157,0.167031255,0.566448625,0.568680385,0.14627561,0.405010624
g257,0.175721354,0.645143787,0.571579012,0.177463474,0.998046223,0.502267848,0.054283477,0.132448847,0.840831069,0.255697739
g258,0.066808243,0.406759807,0.111454305,0.321856199,0.08389287,0.126509874,0.888754514,0.617157511,0.37776141,0.473844056
g259,0.133583677,0.460023518,0.787209407,0.011448923,0.173135652,0.055832447,0.47093119,0.802276204,0.901658615,0.097800064
g260,0.104924922,0.438648568,0.826194458,0.141598438,0.039094515,0.868690465,0.268432839,0.017278385,0.14944127,0.435313581
g261,0.976177348,0.389241187,0.190284904,0.891812174,0.102754278,0.390876798,0.831968028,0.181867836,0.029444526,0.469929039
g262,0.55977948,0.155038666,0.247299446,0.817260012,0.631407178,0.665180278,0.596961547,0.062769586,0.841663901,0.140230716
g263,0.658098281,0.493654125,0.20653776,0.389915331,0.872355628,0.586503664,0.370755761,0.157219796,0.594862577,0.47301387
g264,0.71920843,0.929971796,0.390716379,0.246758639,0.566323564,0.763791663,0.068355845,0.037391906,0.225534747,0.994560559
g265,0.913101712,0.870619924,0.587478982,0.333904486,0.834807751,0.05360417,0.301532373,0.946425496,0.633793976,0.351963066
g266,0.75864948,0.814350548,0.947217459,0.605006961,0.498729316,0.078145575,0.551349094,0.27363178,0.42117731,0.948684702
g267,0.506872734,0.040689118,0.715717052,0.53266755,0.426329847,0.688344234,0.818932117,0.112980094,0.66790406,0.004663408
g268,0.182626158,0.063246354,0.311314783,0.79064868,0.445643587,0.657352229,0.693328716,0.215724202,0.306163863,0.180140098
g269,0.066958072,0.848601815,0.578734767,0.758274139,0.331105801,0.112754145,0.923549063,0.739641778,0.476075632,0.378574835
g270,0.149718071,0.619416728,0.131325107,0.12697276,0.673607371,0.337422803,0.945410206,0.331961624,0.853081594,0.068256475
g271,0.341969077,0.769053185,0.664113113,0.378724795,0.113275163,0.588263651,0.534248002,0.023860011,0.651158413,0.132163866
g272,0.490518921,0.985166598,0.209803896,0.943644455,0.711177303,0.590071708,0.649779595,0.976085803,0.068956324,0.24610965
g273,0.47186497,0.163463837,0.263673221,0.901615098,0.00546255,0.679216496,0.58738454,0.688802975,0.039055552,0.16461717
g274,0.77673814,0.081428512,0.733052732,0.511980646,0.810881943,0.913466825,0.074162579,0.292179096,0.141737746,0.217977074
g275,0.073525475,0.259283875,0.069453483,0.2250375,0.443267095,0.10669844,0.51569406,0.731687726,0.567691798,0.192394632
g276,0.183772242,0.550048407,0.349384172,0.420519714,0.277903296,0.233172837,0.049598199,0.378754646,0.567331959,0.293398115
g277,0.098088,0.590036278,0.873892953,0.595663139,0.973823088,0.056405335,0.575589428,0.987984276,0.868502114,0.004064706
g278,0.060030702,0.849918213,0.230421792,0.535439429,0.873995924,0.134178228,0.68549484,0.526765072,0.786501575,0.335924116
g279,0.602117359,0.684093616,0.047754378,0.814609361,0.869307419,0.484963892,0.48754047,0.5669541,0.119630707,0.778315036
g280,0.719674461,0.821716434,0.461161413,0.981733971,0.182059025,0.350065175,0.471052222,0.188899557,0.450445255,0.681049505
g281,0.113242322,0.788122991,0.721998159,0.993423903,0.425961685,0.469546271,0.768652459,0.490864898,0.436563438,0.777324496
g282,0.635245542,0.705324095,0.562683814,0.947281556,0.067839068,0.152547085,0.497526813,0.962764018,0.313892784,0.927689046
g283,0.555641727,0.227147021,0.346724085,0.351358458,0.697261448,0.778597775,0.887987616,0.451377013,0.231514518,0.207727629
g284,0.283793774,0.200382879,0.950934441,0.642712188,0.578939943,0.874375,0.524122549,0.522518222,0.510759701,0.165745354
g285,0.56154948,0.51466231,0.413364333,0.807922648,0.656740125,0.104000627,0.574769486,0.215349823,0.404485234,0.373401679
g286,0.801585076,0.518919846,0.596363549,0.195608426,0.965105336,0.280181264,0.979555898,0.227666419,0.643317326,0.112898343
g287,0.251722237,0.314551307,0.468085366,0.829423482,0.579048682,0.75314345,0.924195808,0.035997815,0.279165305,0.943345604
g288,0.774102927,0.908993325,0.096066255,0.41868858,0.166739213,0.664265323,0.798477413,0.571880854,0.370830919,0.093832388
g289,0.51252487,0.628908548,0.694494023,0.656874791,0.067588804,0.481237961,0.896592724,0.417542564,0.677565031,0.776928701
g290,0.518380992,0.803440601,0.628300655,0.455397296,0.851935223,0.521981465,0.666948929,0.013320623,0.932317528,0.635064733
g291,0.124179948,0.84580503,0.30605281,0.918839866,0.367253921,0.303972707,0.335673678,0.517038402,0.364648863,0.032114182
g292,0.561831606,0.907263652,0.421413669,0.265498805,0.242157545,0.657527677,0.197688727,0.457368464,0.010691136,0.633581716
g293,0.928870498,0.445795455,0.581644759,0.293539068,0.531023569,0.880218113,0.997042819,0.813281888,0.613841973,0.479520693
g294,0.589983966,0.762343328,0.306500334,0.548471565,0.518045931,0.047238118,0.009007732,0.350664867,0.720459899,0.301491243
g295,0.243920477,0.752598814,0.508841571,0.784450137,0.255837616,0.966483162,0.890616555,0.618596761,0.288747682,0.978463598
g296,0.205849575,0.907110754,0.818880589,0.491059511,0.941546961,0.914927158,0.587755924,0.834025343,0.066626196,0.121763142
g297,0.969154498,0.565876533,0.933421264,0.01383562,0.304970312,0.379861448,0.392727626,0.566295548,0.904134535,0.801220832
g298,0.604587653,0.310222874,0.98510539,0.94429122,0.735218539,0.757013126,0.608403401,0.007840628,0.917508199,0.277189442
g299,0.501782722,0.92711636,0.83276908,0.867179112,0.428071172,0.343074336,0.012440531,0.244661332,0.37027837,0.767990826
g300,0.337474759,0.436672535,0.893292323,0.423446854,0.751684894,0.229767804,0.684192821,0.562153694,0.333065245,0.399804423
